,Sahih_Buk_Preprosessing_Cleaned
0,حدث حميدي عبد الله ابن زبير حدث سفيان حدث أحيى ابن سعيد انصاري اخبرني محمد ابن ابراهيم تيمي ان سمع علقم ابن قاص ليث قال سمع عمر ابن خطاب رضي الله منبر سمع رسول الله صلي الله سلم قال انما اعمال نية انما كل امرء نوي من هجرة دنيا أصاب امرا نكح هجرة هاجر الي
1,حدث عبد الله ابن يوسف اخبر مالك هشام ابن عرو ابيه عاءش ام مءمن رضي الله حارث ابن هشام رضي الله سال رسول الله صلي الله سلم قال رسول الله كيف ياتيك وحي قال رسول الله صلي الله سلم احيا ياتيني مثل صلصل جرس اشد فيفصم عن قد وعي احيا تمثل ملك رجل فيكلمني اعي قال قال عاءش رضي الله قد راية نزل وحي شديد برد فيفصم جبين يتفصد عرق
2,حدث أحيى ابن بكير حدث ليث عقيل ابن شهاب عرو ابن زبير عاءش ام مءمن انها قال بدء رسول الله صلي الله سلم وحي رءيا صالح نوم كان لا يري رءي الا جاء مثل فلق صبح ثم حبب الي خلاء كان خلا غار حراء فيتحنث تعبد ليلة ذوات عدد قبل نزع اهل يتزود ذلك ثم رجع خديج فيتزود مثل جاء حق غار حراء جاء ملك قال اقر قارء فاخذني فغطني بلغ من جهد ثم ارسلني قال اقر قال قارء فاخذني فغطني ثاني بلغ من جهد ثم ارسلني قال اقر قال قارء فاخذني فغطني ثالثه ثم ارسلني قال اقر اسم رب خلق خلق انسان علق اقر رب اكرم رجع رسول الله صلي الله سلم يرجف فءاد دخل خديج بنت خويلد رضي الله قال زملوني زملوني فزملوه ذهب روع قال خديج اخبر خبر قد خشي نفس قال خديج كلا الله يخزيك الله ابدا انك وصل رحم حمل كل أكسب معدوم تقري ضيف تعين نواءب حق انطلق خديج ات ورقة ابن نوفل ابن اسد ابن عبد عزي ابن عم خديج كان امرا نصر جاهلي كان كتب كتاب عبراني كتب انجيل عبرانيه شاء الله كتب كان شيخ كبير عم قال خديج ابن عم اسمع ابن اخي قال ورقة ابن اخي ماذا تري اخبر رسول الله صلي الله سلم خبر راي قال ورقة ناموس نزل الله موسي ليت جذع ليت اكون حي اذ يخرجك قوم قال رسول الله صلي الله سلم اومخرجي هم نعم لم يا رجل قط مثل جءت الا عود أدرك يوم انصرك نصر مءزر ثم لم نشب ورقة توفى فتر وحي ابن شهاب اخبرني ابو سلم ابن عبد رحمن جابر ابن عبد الله انصاري حدث فتر وحي قال حديث بين امشي اذ سمع صوت سماء رفع بصر اذ ملك جاء حراء جالس كرسي سماء ارض رعب من رجع قال زملوني زملوني انزل الله تعالى ايها مدثر قم انذر قول رجز اهجر فحمي وحي تابع تابع عبد الله ابن يوسف ابو صالح تابع هلال ابن رداد زهر قال يونس معمر بادرة
3,حدث موسي ابن اسماعيل حدث ابو عوان حدث موسي ابن ابي عاءش حدث سعيد ابن جبير ابن عباس قول تعالى لا تحرك لسان عجل رسول الله صلي الله سلم عالج تنزيل شد كان من حرك شفة قال ابن عباس فان احركهما كما رسول الله صلي الله سلم حرك قال سعيد احركهما كما رايت ابن عباس حرك حرك شفة انزل الله تعالى لا تحرك لسان عجل على جمع قران جمع صدر تقرا اذ قر اتبع قران استمع انصت ثم على بيان ثم على تقرا كان رسول الله صلي الله سلم ذلك اذ اتاه جبرئيل استمع اذ انطلق جبرئيل قرى نبي صلي الله سلم كما قرى
4,حدث عبد اخبر عبد الله اخبر يونس زهر حدث بشر ابن محمد اخبر عبد الله اخبر يونس معمر زهر نحو اخبرني عبيد الله ابن عبد الله ابن عباس رسول الله صلي الله سلم اجود ناس كان اجود رمضان حين لقي جبرئيل كان لقي ليل رمضان دارس قران رسول الله صلي الله سلم اجود خير ريح مرسل
5,حدث ابو يمان حكم ابن نافع اخبر شعيب زهر اخبرني عبيد الله ابن عبد الله ابن عتب ابن مسعود عبد الله ابن عباس اخبر ابا سفيان ابن حرب اخبر هرقل ارسل الي ركب قريش كان تاجر شام مد رسول الله صلي الله سلم ماد ابا سفيان كافر قريش فاتو هم بايلياء دعا مجلس حول عظيم روم ثم دعا دعا ترجمان قال ايكم اقرب نسب هذا رجل زعم ان نبي قال ابو سفيان قال اقرب نسب قال ادنو من قرب اصحاب فاجعلوهم ظهر ثم ترجمان قال اني ساءل رجل فان كذب كذب الله لولا حياء ياثر كذب كذبة ثم سالني كيف نسب في قال في ذو نسبة هل قول احد قط قبل قال لا هل اباء ملك قال لا اشراف ناس تبع ام ضعيف قال بل ضعيف ايزيدون ام نقص قال بل زاد هل ارتد احد من سخط دين دخل قال لا هل كان اتهم كذب قبل قال قال لا هل غدر قال لا من مد لا ندر فاعل لم تمكن كلم ادخل شيء غير كلم هل قاتلتموه قال نعم كيف قتال ايا قال حرب بين بين سجال نال من نال من ماذا يامركم قال قال اعبد الله وحد لا أشرك شيء ترك قال اباء يامر صلاه زكى صدق عفاف صله قال ترجمان قال سال نسب ذكر ان في ذو نسبة كذلك رسول بعث نسبة قوم سال هل احد قول ذكر لا قال لو احد قول قبل قال رجل ياتسي قول قال قبل سال هل اباء ملك ذكر لا قال لو اباء ملك قال رجل طلب ملك ابيه سال هل كان اتهم كذب قبل قال ذكر لا قد اعرف ان لم كان وذر كذب ناس كذب الله سال اشراف ناس اتبع ام ضعيف ذكر ضعيف اتبع هم اتباع رسول سال ايزيدون ام نقص ذكر ان زاد ذلك امر ايمان تم سال ايرتد احد سخط دين دخل ذكر لا ذلك ايمان حين تخالط شاشة قلب سال هل غدر ذكر لا ذلك رسول لا تغدر سال ما يامركم ذكر ان يامركم عبد الله لا أشرك شيء نهى عباد اوثان ويامركم صلاه صدق عفاف فان قال حق ملك موضع قدم هذا قد اعلم ان خارج لم اكن اظن ان لو اني اعلم اني اخلص الي تجشم لقاء لو عند غسل قدم ثم دعا كتاب رسول الله صلي الله سلم بعث دحي عظيم بصر دفع هرقل قرى اذ بسم الله رحمن رحيم محمد عبد الله رسول هرقل عظيم روم سلام اتبع هدي اما فاني ادعوك دعا اسلام اسلم سلم يءتك الله اجر مرة فان تولى فان اثم اريسي اهل كتاب تعالى كلم سواء بين بين لا عبد الا الله لا أشرك شيء لا اتخذ بعض بعض ارباب دون الله فان تولى قال اشهد بان مسلم ابو سفيان لما فرغ قارئ كتاب كثر عند صخب ارتفع اصوات اخرج قال اصحاب حين اخرج قد امر امر ابن ابي كبش خاف ملك بنون اصفر ما زال موقن ان ظهر ادخل الله اسلام كان ابن ناظور صاحب ايلياء هرقل سقف نصاري شام حدث هرقل حين قدم ايلياء اصبح يوم خبيث نفس قال طارق استنكر هيء ابن ناظور كان هرقل حزاء نظر نجم قال حين سالو اني رايت ليل حين نظر نجم ملك ختان ظهر من يختتن امه قال ليس يختتن الا يهودي لا يهمنك شان اكتب مد ملك قتل يهودي بين هم امر اتي هرقل رجل ارسل ملك غسان أخبر خبر رسول الله صلي الله سلم لما استخبر هرقل اذهب انظر امختتن ام لا نظر الي فحدثوه ان مختتن سال عربي قال هم يختتن قال هرقل ملك امه ظهر ثم كتب هرقل صاحب رومي كان نظير علم ساري هرقل حمص لم يرم حمص اتاه كتاب صاحب وافق راي هرقل خروج نبي صلي الله سلم وان نبي اذن هرقل عظيم روم دسكر حمص ثم امر ابواب غلق ثم اطلع قال معشر روم هل فلاح رشد وان ثبت ملك تبايع نبي حاص حيص أحمر وحش ابواب وجد غلق لما راي هرقل نفرة ايس ايمان ردو قال اني قال مقال انف اختبر شدة دين قد رايت سجد رضي كان ذلك اخر شان هرقل روى صالح ابن كيس يونس معمر زهر
6,حدث عبيد الله ابن موسي اخبر حنظل ابن ابي سفيان عكرم ابن خالد ابن عمر رضي الله عن رسول الله صلي الله سلم بنون اسلام خمس شهاد لا اله الا الله وان محمد رسول الله اقام صلاه ايتاء زكى حج صوم رمضان
7,حدث عبد الله ابن محمد جعفي حدث ابو عامر عقدي حدث سليمان ابن بلال عبد الله ابن دينار ابي صالح ابي هرير رضي الله نبي صلي الله سلم ايمان بضع ستون شعب حياء شعب ايمان
8,حدث ادم ابن ابي اياس حدث شعب عبد الله ابن ابي سفر اسماعيل ابن ابي خالد شعبي عبد الله ابن عمرو رضي الله عن نبي صلي الله سلم مسلم سلم مسلم لسان يد مهاجر هجر نهي الله ابو عبد الله قال ابو معاوي حدث داود ابن ابي هند عامر سمع عبد الله عنى ابن عمرو نبي صلي الله سلم قال عبد اعلي داود عامر عبد الله نبي صلي الله سلم
9,حدث سعيد ابن أحيى ابن سعيد قرشي حدث ابي حدث ابو رد ابن عبد الله ابن ابي رد ابي رد ابي موسي رضي الله قال رسول الله اسلام افضل سلم مسلم لسان يد
10,حدث عمرو ابن خالد حدث ليث زاد ابي خير عبد الله ابن عمرو رضي الله عن رجل سال نبي صلي الله سلم اسلام خير أطعم طعام أقر سلام عرف لم عرف
11,حدث مسدد حدث أحيى شعب قتاد انس رضي الله نبي صلي الله سلم حسين معلم حدث قتاد انس نبي صلي الله سلم لا يءمن احد أحب اخي أحب نفس
12,حدث ابو يمان اخبر شعيب حدث ابو زند اعرج ابي هرير رضي الله رسول الله صلي الله سلم فوالذي نفس يد لا يءمن احد اكون احب الي والد ولد
13,حدث يعقوب ابن ابراهيم حدث ابن على عبد عزيز ابن صهيب انس نبي صلي الله سلم حدث ادم حدث شعب قتاد انس نبي صلي الله سلم لا يءمن احد اكون احب الي والد ولد ناس اجمع
14,حدث محمد ابن مثني حدث عبد وهاب ثقفي حدث ايوب ابي قلاب انس ابن مالك رضي الله نبي صلي الله سلم ثلاث كان وجد حلاو ايمان الله رسول احب الي من سوى وان أحب مرء لا أحب الا الله وان أكره عاد كفر كما أكره قذف نار
15,حدث ابو وليد حدث شعب اخبرني عبد الله ابن عبد الله ابن جبر سمع انس نبي صلي الله سلم اي ايمان حب انصار اي نفاق غض انصار
16,حدث ابو يمان اخبر شعيب زهر اخبرني ابو ادريس عاءذ الله ابن عبد الله عباد ابن صامت رضي الله كان شهد بدر احد نقباء ليل عقب رسول الله صلي الله سلم حول عصاب اصحاب بايعوني لا أشرك الله شيء لا سرق لا زنى لا قتل اولاد لا تات بهتان افترى ايدي ارجل لا عصى معروف من في فاجر الله اصاب ذلك شيء عاقب دنيا هو كافر اصاب ذلك شيء ثم ستر الله هو الله شاء عفا شاء عاقب بايع ذلك
17,حدث عبد الله ابن مسلم مالك عبد رحمن ابن عبد الله ابن عبد رحمن ابن ابي صعصعه ابيه ابي سعيد خدري رضي الله ان رسول الله صلي الله سلم أوشك خير مال مسلم غنم تبع شعف جبل موقع قطر فر دين فتنة
18,حدث محمد ابن سلام اخبر عبده هشام ابيه عاءش قال رسول الله صلي الله سلم اذ امر امر اعمال ما أطاق قال انا ليس كهيءتك رسول الله الله غفر تقدم ذنب ما تاخر غضب عرف غضب وجه ثم قال اتقا اعلم الله
19,حدث سليمان ابن حرب حدث شعب قتاد انس ابن مالك رضي الله نبي صلي الله سلم ثلاث كان وجد حلاو ايمان الله رسول احب الي من سوى احب عبد لا أحب الا الله عز جل أكره عاد كفر اذ انقذ الله من كما أكره ألقى نار
20,حدث اسماعيل حدثني مالك عمرو ابن أحيى مازني ابيه ابي سعيد خدري رضي الله نبي صلي الله سلم دخل اهل جنه جنه اهل نار نار ثم قال الله تعالى اخرج نار قلب مثقال حب خردل ايمان خرج من اسود فيلق نهر حي حياه شك مالك فينبتون كما نبت حب جانب سيل الم رأى انها خرج أصفر ملتوي وهيب حدث عمرو حياه قال خردل خير
21,حدث محمد ابن عبيد الله حدث ابراهيم ابن سعد صالح ابن شهاب ابي امام ابن سهل ابن حنيف ان سمع ابا سعيد خدري قال رسول الله صلي الله سلم بين ناءم رايت ناس عرض على قمص من بلغ ثدي من دون ذلك عرض عمر ابن خطاب قميص جر قال ما اول ذلك رسول الله دين
22,حدث عبد الله ابن يوسف اخبر مالك ابن انس ابن شهاب سالم ابن عبد الله ابيه رسول الله صلي الله سلم مر رجل انصار وعظ اخا حياء قال رسول الله صلي الله سلم ودع فان حياء ايمان
23,حدث عبد الله ابن محمد مسندي حدث ابو روح حرمي ابن عمار حدث شعب اقد ابن محمد سمع ابي حدث ابن عمر رسول الله صلي الله سلم امر اقاتل ناس شهد لا اله الا الله وان محمد رسول الله أقام صلاه يءتوا زكى اذ فعل ذلك عصم من دم اموال الا حق اسلام حساب الله
24,حدث احمد ابن يونس موسي ابن اسماعيل قال حدث ابراهيم ابن سعد حدث ابن شهاب سعيد ابن مسيب ابي هرير رسول الله صلي الله سلم سءل عمل افضل قال ايمان الله رسول قال ثم ماذا جهاد سبيل الله قال ثم ماذا حج مبرور
25,حدث ابو يمان اخبر شعيب زهر اخبرني عامر ابن سعد ابن ابي قاص سعد رضي الله رسول الله صلي الله سلم اعطي رهط سعد جالس ترك رسول الله صلي الله سلم رجل اعجب قال رسول الله فلان الله اني ارا مءمن قال مسلم سكت قليل ثم غلب اعلم من عاد مقال قال فلان الله اني ارا مءمن قال مسلم ثم غلب اعلم من عاد مقال عادي رسول الله صلي الله سلم ثم سعد اني اعطي رجل غير احب من خشي يكبه الله نار روى يونس صالح معمر ابن اخي زهر زهر
26,حدث قتيب حدث ليث زاد ابن ابي حبيب ابي خير عبد الله ابن عمرو رجل سال رسول الله صلي الله سلم اسلام خير أطعم طعام أقر سلام عرف لم عرف
27,حدث عبد الله ابن مسلم مالك زيد ابن اسلم عطاء ابن يسار ابن عباس نبي صلي الله سلم اري نار اذ اكثر اهل نساء يكفرن قال ايكفرن الله يكفرن عشير يكفرن احسان لو احسن احدا دهر ثم را شيء قال رايت خير قط
28,حدث سليمان ابن حرب حدث شعب واصل احدب معرور ابن سويد لقي ابا ذر ربذه حل علي غلام حل سال ذلك قال اني سابب رجل عير ام قال نبي صلي الله سلم ابا ذر اعير ام انك امرء في جاهلي اخوان خول جعل الله تحت ايدي من اخو تحت يد فليطعمه من ياكل لبس من لبس لا تكلفوهم غلب فان كلفتموهم فاعينوهم
29,حدث عبد رحمن ابن مبارك حدث حماد ابن زيد حدث ايوب يونس حسن احنف ابن قيس ذهب انصر رجل قين ابو بكره قال اين أراد قال انصر رجل ارجع فاني سمع رسول الله صلي الله سلم قال اذ تقي مسلم سيف قاتل مقتول نار قال رسول الله قاتل ما بال مقتول حريص قتل صاحب
30,حدث ابو وليد حدث شعب حدثني بشر ابن خالد ابو محمد عسكري حدث محمد ابن جعفر شعب سليمان ابراهيم علقم عبد الله نزل الذي امن لم لبس ايمان ظلم اصحاب رسول الله صلي الله سلم اين لم يظلم انزل الله عز جل شرك ظلم عظيم
31,حدث سليمان ابو ربيع حدث اسماعيل ابن جعفر حدث نافع ابن مالك ابن ابي عامر ابو سهيل ابيه ابي هرير نبي صلي الله سلم اي منافق ثلاث اذ حدث كذب اذ وعد اخلف اذ اءتمن خان
32,حدث قبيص ابن عقب حدث سفيان اعمش عبد الله ابن مر مسروق عبد الله ابن عمرو نبي صلي الله سلم اربع كان منافق خالص خصل من خصل نفاق ودع اذ اءتمن خان اذ حدث كذب اذ عاهد غدر اذ خاصم فجر تابع شعب اعمش
33,حدث ابو يمان اخبر شعيب حدث ابو زند اعرج ابي هرير رسول الله صلي الله سلم قام ليل قدر ايما احتساب غفر تقدم ذنب
34,حدث حرمي ابن حفص حدث عبد واحد حدث عمار حدث ابو زرع ابن عمرو ابن جرير سمع ابا هرير نبي صلي الله سلم انتدب الله من خرج سبيل لا أخرج الا ايمان بي تصديق رسول ارجع ما نال اجر غنيم ادخل جنه لولا اشق امتي قعد خلف سري ود اني اقتل سبيل الله ثم احيا ثم اقتل ثم احيا ثم اقتل
35,حدث اسماعيل حدثني مالك ابن شهاب حميد ابن عبد رحمن ابي هرير رسول الله صلي الله سلم قام رمضان ايما احتساب غفر تقدم ذنب
36,حدث محمد ابن سلام اخبر محمد ابن فضيل حدث أحيى ابن سعيد ابي سلم ابي هرير رسول الله صلي الله سلم صام رمضان ايما احتساب غفر تقدم ذنب
37,حدث عبد سلام ابن مطهر حدث عمر ابن معن ابن محمد غفاري سعيد ابن ابي سعيد مقبري ابي هرير نبي صلي الله سلم دين يسر لن أشاد دين احد الا غلب سدد قارب ابشر استعين غدوه روح شيء دلجه
38,حدث عمرو ابن خالد حدث زهير حدث ابو اسحاق بريء ابن عازب نبي صلي الله سلم قدم مدينه نزل اجداد اخوال انصار وان صلي قبل بيت مقدس سته عشر شهر سبع عشر شهر كان أعجب كان قبل قبل بيت وان صلي صلا صلى صلا عصر وصل مع قوم خرج رجل من صلي مع مر اهل مسجد هم راكع قال اشهد الله قد صلى رسول الله صلي الله سلم قبل مك دار كما هم قبل بيت كان يهودي اعجب اذ صلى قبل بيت مقدس اهل كتاب لما ولي وجه قبل بيت انكر ذلك زهير حدث ابو اسحاق بريء حديث ان مات قبل قبل تحول رجل قتل لم ندر قال انزل الله تعالى ما الله أضاع ايمان
39,حدث اسحاق ابن منصور حدث عبد رزاق اخبر معمر همام ابن منبه ابي هرير رسول الله صلي الله سلم اذ احسن احد اسلام كل حسن عمل كتب عشر امثال سبع ماء ضعف كل سيء عمل كتب مثل
40,حدث محمد ابن مثني حدث أحيى هشام اخبرني ابي عاءش نبي صلي الله سلم دخل عندها امرا قال فلان ذكر صلاة مه على ما أطاق الله لا مل الله مل كان احب دين الي مادام صاحب
41,حدث مسلم ابن ابراهيم حدث هشام حدث قتاد انس نبي صلي الله سلم خرج نار لا اله الا الله في قلب وزن شعير خير خرج نار لا اله الا الله في قلب وزن بر خير خرج نار لا اله الا الله في قلب وزن ذر خير ابو عبد الله ابان حدث قتاد حدث انس نبي صلي الله سلم ايمان مكان خير
42,حدث حسن ابن صباح سمع جعفر ابن عون حدث ابو عميس اخبر قيس ابن مسلم طارق ابن شهاب عمر ابن خطاب رجل يهودي امير مءمن اي كتاب تقرءون لو على معشر يهودي نزل اتخذ ذلك عيد اي اكمل دين اتمم على نعمة رضي اسلام دين عمر عرف ذلك مكان نزل نبي صلي الله سلم قاءم عرف جمع
43,حدث اسماعيل حدثني مالك ابن انس عم ابي سهيل ابن مالك ابيه ان سمع طلح ابن عبيد الله قال جاء رجل رسول الله صلي الله سلم اهل وجد ثاءر راسي سمع دوي صوت لا فقه قال دنا اذ يسال اسلام قال رسول الله صلي الله سلم خمس صلاة ليل قال هل غير لا الا تطوع رسول الله صلي الله سلم صيام رمضان هل غير لا الا تطوع ذكر رسول الله صلي الله سلم زكى هل غير لا الا تطوع ادبر رجل قال الله لا ازيد لا انقص رسول الله صلي الله سلم افلح صدق
44,حدث احمد ابن عبد الله ابن منجوفي حدث روح حدث عوف حسن محمد ابي هرير رسول الله صلي الله سلم اتبع جناز مسلم ايما احتساب كان مع صلى فرغ دفن فان رجع اجر قيراط قيراط مثل احد صلي ثم رجع قبل تدفن فان رجع قيراط تابع عثمان مءذن حدث عوف محمد ابي هرير نبي صلي الله سلم نحو
45,حدث محمد ابن عرعر حدث شعب زبيد سال ابا واءل مرجءه قال حدثني عبد الله نبي صلي الله سلم سباب مسلم فسوق قتال كفر
46,اخبر قتيب ابن سعيد حدث اسماعيل ابن جعفر حميد حدثني انس ابن مالك اخبرني عباد ابن صامت رسول الله صلي الله سلم خرج أخبر ليل قدر تلاحي رجل مسلم قال اني خرج اخبر ليل قدر وان تلاحي فلان فلان رفع عسي خير تمسوها سبع تسع خمس
47,حدث مسدد حدث اسماعيل ابن ابراهيم اخبر ابو حيان تيمي ابي زرع ابي هرير نبي صلي الله سلم بارز يوم ناس فات جبرئيل قال ايمان ايمان تءمن الله ملاءك كتاب لقاء رسول تءمن بعث اسلام اسلام عبد الله لا أشرك شيء أقام صلاه تءدي زكى مفروض صام رمضان احسان عبد الله كان رأى فان لم كان رأى فان رأى متي ساعه مسءول اعلم ساءل وساخبرك اشراط اذ ولد امه رب اذ تطاول رعى ابل بنيان خمس لا علم الا الله ثم تلا نبي صلي الله سلم الله عند علم ساعه الاي ثم ادبر قال رد لم رأى شيء قال جبرئيل جاء علم ناس دين ابو عبد الله جعل ذلك كل ايمان
48,حدث ابراهيم ابن حمز حدث ابراهيم ابن سعد صالح ابن شهاب عبيد الله ابن عبد الله عبد الله ابن عباس اخبر اخبرني ابو سفيان ابن حرب هرقل سال هل زاد ام نقص زعم ان زاد ذلك ايمان تم سال هل ارتد احد سخط دين دخل زعم لا ذلك ايمان حين تخالط شاشة قلب لا أسخط احد
49,حدث ابو نعيم حدث زكرياء عامر سمع نعمان ابن بشير قال سمع رسول الله صلي الله سلم قال حلال حرام بين مشبه لا علم كثير ناس من اتقي مشبه استبرا دين عرض وقع شبهة كراع أرعى حول حم أوشك يواقع الا كل ملك حم الا حم الله ارض محرم الا جسد مضغ اذ صلح صلح جسد كل اذ فسد فسد جسد كل الا هي قلب
50,حدث ابن جعد اخبر شعب ابي جمره اقعد ابن عباس يجلسني سرير قال اقم عند اجعل سهم مالي اقم مع شهر ثم وفد عبد قيس ات نبي صلي الله سلم قوم وفد قال ربيع مرحبا قوم وفد غير خزايا لا ندامي قال رسول الله انا لا استطاع ناتيك الا شهر حرام بين بين حي كافر مضر مار امر فصل أخبر وراء دخل جنه سالو اشربه امر اربع نها اربع امر ايمان الله وحد اتدرون ايمان الله وحد قال الله رسول اعلم شهاد لا اله الا الله وان محمد رسول الله اقام صلاه ايتاء زكى صيام رمضان وان أعطى مغنم خمس نها اربع حنتم دباء نقير مزفت رب مقير قال احفظوهن اخبر وراء
51,حدث عبد الله ابن مسلم اخبر مالك أحيى ابن سعيد محمد ابن ابراهيم علقم ابن قاص عمر رسول الله صلي الله سلم اعمال نيه كل امرء نوي من هجرة الله رسول هجرة الله رسول هجرة دنيا أصاب امرا تزوج هجرة هاجر الي
52,حدث حجاج ابن منهال حدث شعب اخبرني عدي ابن ثابت سمع عبد الله ابن زاد ابي مسعود نبي صلي الله سلم اذ انفق رجل اهل احتسب هو صدق
53,حدث حكم ابن نافع اخبر شعيب زهر حدثني عامر ابن سعد سعد ابن ابي قاص ان اخبر رسول الله صلي الله سلم انك لن أنفق نفق ابتغى وجه الله الا اجر جعل فم امرا
54,حدث مسدد حدث أحيى اسماعيل حدثني قيس ابن ابي حازم جرير ابن عبد الله بايع رسول الله صلي الله سلم اقام صلاه ايتاء زكى نصح كل مسلم
55,حدث ابو نعمان حدث ابو عوان زياد ابن علاق سمع جرير ابن عبد الله قال مات مغيره ابن شعب قام حمد الله اثنا قال على اتقاء الله وحد لا شريك وقار سكينه ياتيكم امير انما ياتيكم الان ثم استعف امير فان أحب عفو ثم اما فاني اتي نبي صلي الله سلم قال ابايعك اسلام شرط نصح كل مسلم بايع رب مسجد اني ناصح ثم استغفر نزل
56,حدث محمد ابن سنان حدث فليح حدثني ابراهيم ابن منذر حدث محمد ابن فليح حدثني ابي حدثني هلال ابن عطاء ابن يسار ابي هرير بين نبي صلي الله سلم مجلس حدث قوم جاء اعرابي قال متي ساعه مضي رسول الله صلي الله سلم حدث قال قوم سمع فكر قال بعض بل لم سمع اذ قضي حديث اين اراه ساءل ساعه ها رسول الله اذ ضيع الام انتظر ساعه كيف اضاع اذ سد امر غير اهل انتظر ساعه
57,حدث ابو نعمان عارم ابن فضل حدث ابو عوان ابي بشر يوسف ابن ماه عبد الله ابن عمرو تخلف عن نبي صلي الله سلم سفر سافر ادرك قد ارهقتنا صلاه نتوضا جعل نمسح ارجل نادي اعلي صوت ويل اعقاب نار مرة ثلاث
58,حدث قتيب ابن سعيد حدث اسماعيل ابن جعفر عبد الله ابن دينار ابن عمر رسول الله صلي الله سلم شجرة شجر لا سقط ورقة وان مثل مسلم فحدثوني وقع ناس شجرة بوادي عبد الله وقع نفس انها نخله استحيى ثم قال حدث رسول الله نخله
59,حدث خالد ابن مخلد حدث سليمان حدث عبد الله ابن دينار ابن عمر نبي صلي الله سلم شجرة شجر لا سقط ورقة وان مثل مسلم حدثوني وقع ناس شجرة بوادي عبد الله وقع نفس انها نخله استحيى ثم قال حدث رسول الله نخله
60,حدث عبد الله ابن يوسف حدث ليث سعيد مقبري شريك ابن عبد الله ابن ابي مر ان سمع انس ابن مالك قال بين جلوس نبي صلي الله سلم مسجد دخل رجل جملة اناخ مسجد ثم عقل ثم ايكم محمد نبي صلي الله سلم متكء ظهران قال رجل ابيض متكء قال رجل ابن عبد مطلب قال نبي صلي الله سلم اجب قال رجل نبي صلي الله سلم اني ساءل مشدد مساله لا وجد نفس قال سل عن بدا قال اسال رب رب قبل االل ارسل ناس كل قال اللهم نعم انشد الله االل امرك صلى صلاة خمس ليل اللهم نعم انشد الله االل امرك صام شهر سن اللهم نعم انشد الله االل امرك تاخذ صدق اغنياء أقسم فقير قال نبي صلي الله سلم اللهم نعم قال رجل امن ما جءت رسول راءي قومي ضمام ابن ثعلب اخو بنون سعد ابن بكر روى موسي ابن اسماعيل علي ابن عبد حميد سليمان ابن مغيره ثابت انس نبي صلي الله سلم هذا
61,حدث اسماعيل ابن عبد الله حدثني ابراهيم ابن سعد صالح ابن شهاب عبيد الله ابن عبد الله ابن عتب ابن مسعود عبد الله ابن عباس اخبر رسول الله صلي الله سلم بعث كتاب رجل امر دفع عظيم بحرين دفع عظيم بحرين كسري لما قرى مزق حسب ابن مسيب دعا على رسول الله صلي الله سلم مزق ممزق
62,حدث محمد ابن مقاتل ابو حسن مروزي اخبر عبد الله اخبر شعب قتاد انس ابن مالك كتب نبي صلي الله سلم كتاب اراد كتب قال ان لا يقرءون كتاب الا مختوم اتخذ خاتم فض نقش محمد رسول الله كان انظر بياض يد قال قتاد نقش محمد رسول الله انس
63,حدث اسماعيل حدثني مالك اسحاق ابن عبد الله ابن ابي طلح ابا مر مولي عقيل ابن ابي طالب اخبر ابي اقد ليث رسول الله صلي الله سلم بين جالس مسجد ناس مع اذ اقبل ثلاث نفر اقبل اثنان رسول الله صلي الله سلم ذهب وقف رسول الله صلي الله سلم اما احد راي فرج حلق جلس اما اخر جلس خلف اما ثالث ادبر ذاهب لما فرغ رسول الله صلي الله سلم الا اخبر نفر ثلاث اما احد فاو الله اواه الله اما اخر استحيا استحيا الله من اما اخر اعرض اعرض الله
64,حدث مسدد حدث بشر حدث ابن عون ابن سير عبد رحمن ابن ابي بكره ابيه ذكر نبي صلي الله سلم قعد بعير امسك انسان خطام زمام سكت ظن ان سمى سوي اسم اليس نحر قال بلي فاي شهر سكت ظن ان سمى غير اسم قال اليس ذو حج قال بلي فان دم اموال اعراض بين حرام حرم يوم شهر بلد بلغ شاهد غاءب فان شاهد عسي بلغ اوعي من
65,حدث محمد ابن يوسف اخبر سفيان اعمش ابي واءل ابن مسعود نبي صلي الله سلم يتخول موعظه ايام كراه سامه على
66,حدث محمد ابن بشار حدث أحيى ابن سعيد حدث شعب حدثني ابو تياح انس ابن مالك نبي صلي الله سلم أسر لا عسر بشر لا نفر
67,حدث عثمان ابن ابي أشيب حدث جرير منصور ابي واءل عبد الله ذكر ناس خميس قال رجل ابا عبد رحمن ود انك ذكر اما منع ذلك اني اكره امل واني اتخولكم موعظه كما نبي صلي الله سلم يتخول مخاف سامه على
68,حدث سعيد ابن عفير حدث ابن وهب يونس ابن شهاب حميد ابن عبد رحمن سمع معاوي خطيب قال سمع نبي صلي الله سلم قال رد الله خير فقه دين انما قاسم الله أعطى لن زال امه قاءم امر الله لا ضر خالف يا امر الله
69,حدث ابن عبد الله حدث سفيان ابن ابي نجيح مجاهد صحب ابن عمر مدينه لم اسمع حدث رسول الله صلي الله سلم الا حديث واحد كان نبي صلي الله سلم فات جمار قال شجرة شجر مثل مثل مسلم ارد اقول نخله اذ اصغر قوم سكت نبي صلي الله سلم نخله
70,حدث حميدي حدث سفيان حدثني اسماعيل ابن ابي خالد غير حدث زهر سمع قيس ابن ابي حازم سمع عبد الله ابن مسعود نبي صلي الله سلم لا حسد الا اثنتان رجل اتاه الله مال سلط هلكة حق رجل اتاه الله حكم هو قضى علم
71,حدثني محمد ابن غرير زهر حدث يعقوب ابن ابراهيم حدثني ابي صالح ابن شهاب حدث عبيد الله ابن عبد الله اخبر ابن عباس ان مارى حر ابن قيس ابن حصن فزاري صاحب موسي ابن عباس خضر مر ابي ابن كعب دعا ابن عباس قال اني مارى صاحب صاحب موسي سال موسي سبيل لقي هل سمع نبي صلي الله سلم ذكر شان نعم سمع رسول الله صلي الله سلم قال بين موسي مل بنون اسراءيل جاء رجل قال هل تعلم احدا اعلم موسي لا اوحي الله عز جل موسي بلي عبد خضر سال موسي سبيل الي جعل الله حوت اي قال اذ فقد حوت ارجع فان لقي كان تبع اثر حوت بحر قال موسي فتى اراي اذ اوي صخره فاني نسي حوت ما انساني الا شيطان اذكر ذلك كان نبغي ارتدا اثار قصة وجد خضر كان شان قص الله عز جل كتاب
72,حدث ابو معمر حدث عبد وارث حدث خالد عكرم ابن عباس ضمني رسول الله صلي الله سلم قال اللهم علم كتاب
73,حدث اسماعيل ابن ابي اويس حدثني مالك ابن شهاب عبيد الله ابن عبد الله ابن عتب عبد الله ابن عباس اقبل راكب حمار اتان يومءذ ناهز احتلام رسول الله صلي الله سلم صلى من غير جدار مر يد صف ارسل اتان ارتعى دخل صف لم أنكر ذلك
74,حدثني محمد ابن يوسف حدث ابو مسهر حدثني محمد ابن حرب حدثني زبيدي زهر محمود ابن ربيع عقل نبي صلي الله سلم مج مج وجه ابن خمس سنة دلو
75,حدث ابو قاسم خالد ابن خلي قاضي حمص حدث محمد ابن حرب حدث اوزاعي اخبر زهر عبيد الله ابن عبد الله ابن عتب ابن مسعود ابن عباس ان مارى حر ابن قيس ابن حصن فزاري صاحب موسي مر ابي ابن كعب دعا ابن عباس قال اني مارى صاحب صاحب موسي سال سبيل لقي هل سمع رسول الله صلي الله سلم ذكر شان قال ابي نعم سمع نبي صلي الله سلم ذكر شان قال بين موسي مل بنون اسراءيل اذ جاء رجل قال اتعلم احدا اعلم موسي لا اوحي الله عز جل موسي بلي عبد خضر سال سبيل لقي جعل الله حوت اي قال اذ فقد حوت ارجع فان لقي كان موسي صلي الله تبع اثر حوت بحر قال فتي موسي موسي اراي اذ اوي صخره فاني نسي حوت ما انساني الا شيطان اذكر موسي ذلك كان نبغي ارتدا اثار قصة وجد خضر كان شان قص الله كتاب
76,حدث محمد ابن علاء حدث حماد ابن اسام بريد ابن عبد الله ابي رد ابي موسي نبي صلي الله سلم مثل بعث الله هدي علم مثل غيث كثير اصاب ارض كان من نقي قبل ماء انبتت كلا عشب كثير كان من اجادب امسك ماء نفع الله ناس شرب سقى زرع اصاب من طاءف اخري انما قاع لا أمسك ماء لا نبت كلا ذلك مثل فقه دين الله نفع بعث الله علم علم مثل لم رفع ذلك راسي لم قبل هدي الله ارسل ابو عبد الله اسحاق كان من طاءف قال ماء قاع علا ماء صفصف مستوي ارض
77,حدث عمران ابن ميسر حدث عبد وارث ابي تياح انس ابن مالك رسول الله صلي الله سلم اشراط ساعه رفع علم أثبت جهل شرب خمر ظهر زنا
78,حدث مسدد حدث أحيى شعب قتاد انس ابن مالك لاحدثنكم حديث لا حدث احد بعد سمع رسول الله صلي الله سلم قال اشراط ساعه قل علم ظهر جهل ظهر زنا كثر نساء قل رجل خمسون امرا قيمة واحد
79,حدث سعيد ابن عفير حدثني ليث حدثني عقيل ابن شهاب حمز ابن عبد الله ابن عمر ابن عمر سمع رسول الله صلي الله سلم بين ناءم اتي قدح بن شربة اني لاري ري خرج اظفاري ثم اعطي فضل عمر ابن خطاب قال ما اول رسول الله علم
80,حدث اسماعيل حدثني مالك ابن شهاب عيسي ابن طلح ابن عبيد الله عبد الله ابن عمرو ابن عاصي رسول الله صلي الله سلم وقف حج وداع من ناس يسالونه جاء رجل قال لم اشعر حلقة قبل اذبح قال اذبح لا حرج جاء اخر قال لم اشعر نحر قبل ارمي ارم لا حرج ما سءل نبي صلي الله سلم شيء قدم لا اخر الا افعل لا حرج
81,حدث موسي ابن اسماعيل حدث وهيب حدث ايوب عكرم ابن عباس نبي صلي الله سلم سءل حجة قال ذبح قبل ارمي اوم يد لا حرج حلق قبل اذبح اوم يد لا حرج
82,حدث مكي ابن ابراهيم اخبر حنظل ابن ابي سفيان سالم سمع ابا هرير نبي صلي الله سلم قبض علم ظهر جهل فتنة كثر هرج قال رسول الله ما هرج قال هكذا يد حرف كان أراد قتل
83,حدث موسي ابن اسماعيل حدث وهيب حدث هشام فاطم اسماء قال اتي عاءش هي صلى قال شان ناس اشار سماء اذ ناس قيام قال سبحان الله قال اي اشار راسي نعم فقم تجلاني غشي جعل اصب راسي ماء حمد الله عز جل نبي صلي الله سلم اثنا ثم شيء لم اكن اري الا راية مقام جنه نار اوحي ان تفتن قبر مثل قريب لا ادري ذلك قال اسماء فتن مسيح دجال قال علم هذا رجل اما مءمن موقن لا ادري باي قال اسماء قال محمد رسول الله جاء بينة هدي اجب اتبع محمد ثلاث قال نم صالح علم موقن اما منافق مرتاب لا ادري ذلك قال اسماء قال لا ادري سمع ناس قال شيء قلة
84,حدث محمد ابن بشار حدث غندر حدث شعب ابي جمره اترجم ابن عباس بين ناس قال وفد عبد قيس ات نبي صلي الله سلم قال وفد قوم قال ربيع قال مرحبا قوم وفد غير خزايا لا ندامي قال انا ناتيك شق عيد بين بين حي كافر مضر لا استطاع ناتيك الا شهر حرام مار امر أخبر وراء دخل جنه امر اربع نها اربع امر ايمان الله عز جل وحد هل درى ايمان الله وحد قال الله رسول اعلم شهاد لا اله الا الله وان محمد رسول الله اقام صلاه ايتاء زكى صوم رمضان أعطى خمس مغنم نها دباء حنتم مزفت شعب رب نقير رب مقير احفظوه واخبروه وراء
85,حدث محمد ابن مقاتل ابو حسن اخبر عبد الله اخبر عمر ابن سعيد ابن ابي حسين حدثني عبد الله ابن ابي مليك عقب ابن حارث ان تزوج ابن ابي اهاب ابن عزيز فات امرا قال اني ارضع عقب الذي تزوج قال عقب اعلم انك ارضعتني لا اخبرتني ركب رسول الله صلي الله سلم مدينه سال قال رسول الله صلي الله سلم كيف قد قال فارق عقب نكح زوج غير
86,حدث ابو يمان اخبر شعيب زهر ابو عبد الله قال ابن وهب اخبر يونس ابن شهاب عبيد الله ابن عبد الله ابن ابي ثور عبد الله ابن عباس عمر جار انصار بنون امي ابن زيد هي عوالي مدينه كان نتناوب نزول رسول الله صلي الله سلم نزل يوم انزل يوم اذ نزل جءت خبر ذلك وحي غير اذ نزل فعل مثل ذلك نزل صاحب انصاري نوبة ضرب باب ضرب شديد قال اثم فزع خرج الي قال حدث امر عظيم دخل حفص اذ بكى قال طلق رسول الله صلي الله سلم قال لا ادري ثم دخل نبي صلي الله سلم قال قاءم اطلق نساء لا قال الله اكبر
87,حدث محمد ابن كثير اخبر سفيان ابن ابي خالد قيس ابن ابي حازم ابي مسعود انصاري رجل رسول الله لا اكاد ادرك صلاه من طال فلان ما رايت نبي صلي الله سلم موعظ اشد غضب يومءذ قال ايها ناس ان منفر من صلي ناس فليخفف فان مريض ضعيف ذو حاج
88,حدث عبد الله ابن محمد حدث عبد ملك ابن عمرو عقدي حدث سليمان ابن بلال مديني ربيع ابن ابي عبد رحمن زاد مولي منبعث زيد ابن خالد جهني نبي صلي الله سلم سال رجل لقطه قال اعرف وكاء وعاء عفاص ثم عرف سن ثم استمتع فان جاء رب فاد الي فضال ابل غضب احمر وجنة احمر وجه قال ما مع سقاء حذاء ردى ماء ترع شجرة ذر يلقا رب فضال غنم اخي ذءب
89,حدث محمد ابن علاء حدث ابو اسام بريد ابي رد ابي موسي سءل نبي صلي الله سلم اشياء كره لما اكثر غضب ثم ناس سلي عن شءتم رجل ابي ابو حذاف قام اخر قال ابي رسول الله قال ابو سالم مولي أشيب لما راي عمر وجه رسول الله انا تاب الله عز جل
90,حدث ابو يمان اخبر شعيب زهر اخبرني انس ابن مالك رسول الله صلي الله سلم خرج قام عبد الله ابن حذاف قال ابي قال ابو حذاف ثم اكثر قال سلي فبرك عمر ركبة قال رضي الله ربا اسلام دين محمد صلي الله سلم نبي سكت
91,حدث عبده حدث عبد صمد حدث عبد الله ابن مثني حدث ثمام ابن عبد الله انس نبي صلي الله سلم ان اذ سلم سلم ثلاث اذ تكلم كلم اعاد ثلاث
92,حدث عبده ابن عبد الله صفار حدث عبد صمد حدث عبد الله ابن مثني حدث ثمام ابن عبد الله انس نبي صلي الله سلم ان اذ تكلم كلم اعاد ثلاث فهم اذ اتي قوم سلم على سلم على ثلاث
93,حدث مسدد حدث ابو عوان ابي بشر يوسف ابن ماه عبد الله ابن عمرو تخلف رسول الله صلي الله سلم سفر سافر ادرك قد ارهق صلاه صلا عصر نتوضا جعل نمسح ارجل نادي اعلي صوت ويل اعقاب نار مرة ثلاث
94,اخبر محمد ابن سلام حدث محارب حدث صالح ابن حيان عامر شعبي حدثني ابو رد ابيه رسول الله صلي الله سلم ثلاث اجران رجل اهل كتاب امن نبي امن محمد صلي الله سلم عبد مملوك اذ ادي حق الله حق مولى رجل عند امه ادب احسن تاديب علم احسن تعليم ثم اعتق تزوج اجران ثم عامر اعطيناكها غير شيء ركب في دون مدينه
95,حدث سليمان ابن حرب حدث شعب ايوب سمع عطاء سمع ابن عباس اشهد نبي صلي الله سلم عطاء اشهد ابن عباس رسول الله صلي الله سلم خرج مع بلال ظن ان لم سمع فوعظهن امر صدق جعل مراه تلقي قرط خاتم بلال ياخذ طرف ثوب ابو عبد الله قال اسماعيل ايوب عطاء قال ابن عباس اشهد نبي صلي الله سلم
96,حدث عبد عزيز ابن عبد الله حدثني سليمان عمرو ابن ابي عمرو سعيد ابن ابي سعيد مقبري ابي هرير ان قال رسول الله اسعد ناس بشفاعتك قيام رسول الله صلي الله سلم قد ظن ابا هرير لا يسالني حديث احد رايت حرص حديث اسعد ناس شفاعة قيام لا اله الا الله خالص قلب نفس
97,حدث اسماعيل ابن ابي اويس حدثني مالك هشام ابن عرو ابيه عبد الله ابن عمرو ابن عاصي سمع رسول الله صلي الله سلم قال الله لا قبض علم انتزاع انتزع عباد لكن قبض علم قبض عالم اذ لم بقي عالم اتخذ ناس رءوس جاهل فسءلوا افت غير علم ضل اضل فربري حدث عباس حدث قتيب حدث جرير هشام نحو
98,حدث ادم حدث شعب حدثني ابن اصبهاني سمع ابا صالح ذكوان حدث ابي سعيد خدري قال نساء نبي صلي الله سلم غلب رجل فاجعل يوم نفس فوعدهن يوم لقي فوعظهن امر كان في من امرا تقدم ثلاث ولد الا حجاب نار قال امرا اثنتان قال اثنتان حدث محمد ابن بشار حدث غندر حدث شعب عبد رحمن ابن اصبهاني ذكوان ابي سعيد خدري نبي صلي الله سلم هذا عبد رحمن ابن اصبهاني سمع ابا حازم ابي هرير ثلاث لم بلغ حنث
